,one,two,three,four
a,-1.25069909328,-0.573801164095,0.705960852271,-1.01568237955
b,,-0.217766454079,0.655179162003,1.37927617243
c,-0.860358779618,-1.31374717565,0.676174427088,1.03441690547
d,,,,
e,0.0791689850837,0.0291375788732,0.239182929199,-0.492038648904
f,-1.14906045429,,,-0.160499255951
