boro,area,pop,density
Bronx,42,1390000.0,33095.23809523809
Manhattan,23,1590000.0,69130.43478260869
Brooklyn,71,2470000.0,34788.7323943662
Staten Island,59,440000.0,7457.627118644068
Queens,109,2230000.0,20458.715596330276
